orderDetailsKey,orderNumber,productCode,quantityOrdered,priceEach,orderLineNumber
1,10100,S18_1749,30,136,3
2,10100,S18_2248,50,55.09,2
3,10100,S18_4409,22,75.46,4
4,10100,S24_3969,49,35.29,1
5,10101,S18_2325,25,108.06,4
6,10101,S18_2795,26,167.06,1
7,10101,S24_1937,45,32.53,3
8,10101,S24_2022,46,44.35,2
9,10102,S18_1342,39,95.55,2
10,10102,S18_1367,41,43.13,1
11,10103,S10_1949,26,214.3,11
12,10103,S10_4962,42,119.67,4
13,10103,S12_1666,27,121.64,8
14,10103,S18_1097,35,94.5,10
15,10103,S18_2432,22,58.34,2
16,10103,S18_2949,27,92.19,12
17,10103,S18_2957,35,61.84,14
18,10103,S18_3136,25,86.92,13
19,10103,S18_3320,46,86.31,16
20,10103,S18_4600,36,98.07,5
21,10103,S18_4668,41,40.75,9
22,10103,S24_2300,36,107.34,1
23,10103,S24_4258,25,88.62,15
24,10103,S32_1268,31,92.46,3
25,10103,S32_3522,45,63.35,7
26,10103,S700_2824,42,94.07,6
27,10104,S12_3148,34,131.44,1
28,10104,S12_4473,41,111.39,9
29,10104,S18_2238,24,135.9,8
30,10104,S18_2319,29,122.73,12
31,10104,S18_3232,23,165.95,13
32,10104,S18_4027,38,119.2,3
33,10104,S24_1444,35,52.02,6
34,10104,S24_2840,44,30.41,10
35,10104,S24_4048,26,106.45,5
36,10104,S32_2509,35,51.95,11
37,10104,S32_3207,49,56.55,4
38,10104,S50_1392,33,114.59,7
39,10104,S50_1514,32,53.31,2
40,10105,S10_4757,50,127.84,2
41,10105,S12_1108,41,205.72,15
42,10105,S12_3891,29,141.88,14
43,10105,S18_3140,22,136.59,11
44,10105,S18_3259,38,87.73,13
45,10105,S18_4522,41,75.48,10
46,10105,S24_2011,43,117.97,9
47,10105,S24_3151,44,73.46,4
48,10105,S24_3816,50,75.47,1
49,10105,S700_1138,41,54,5
50,10105,S700_1938,29,86.61,12
51,10105,S700_2610,31,60.72,3
52,10105,S700_3505,39,92.16,6
53,10105,S700_3962,22,99.31,7
54,10105,S72_3212,25,44.77,8
55,10106,S18_1662,36,134.04,12
56,10106,S18_2581,34,81.1,2
57,10106,S18_3029,41,80.86,18
58,10106,S18_3856,41,94.22,17
59,10106,S24_1785,28,107.23,4
60,10106,S24_2841,49,65.77,13
61,10106,S24_3420,31,55.89,14
62,10106,S24_3949,50,55.96,11
63,10106,S24_4278,26,71,3
64,10106,S32_4289,33,65.35,5
65,10106,S50_1341,39,35.78,6
66,10106,S700_1691,31,91.34,7
67,10106,S700_2047,30,85.09,16
68,10106,S700_2466,34,99.72,9
69,10106,S700_2834,32,113.9,1
70,10106,S700_3167,44,76,8
71,10106,S700_4002,48,70.33,10
72,10106,S72_1253,48,43.7,15
73,10107,S10_1678,30,81.35,2
74,10107,S10_2016,39,105.86,5
75,10107,S10_4698,27,172.36,4
76,10107,S12_2823,21,122,1
77,10107,S18_2625,29,52.7,6
78,10107,S24_1578,25,96.92,3
79,10107,S24_2000,38,73.12,7
80,10107,S32_1374,20,88.9,8
81,10108,S12_1099,33,165.38,6
82,10108,S12_3380,45,96.3,4
83,10108,S12_3990,39,75.81,7
84,10108,S12_4675,36,107.1,3
85,10108,S18_1889,38,67.76,2
86,10108,S18_3278,26,73.17,9
87,10108,S18_3482,29,132.29,8
88,10108,S18_3782,43,52.84,12
89,10108,S18_4721,44,139.87,11
90,10108,S24_2360,35,64.41,15
91,10108,S24_3371,30,60.01,5
92,10108,S24_3856,40,132,1
93,10108,S24_4620,31,67.1,10
94,10108,S32_2206,27,36.21,13
95,10108,S32_4485,31,87.76,16
96,10108,S50_4713,34,74.85,14
97,10109,S18_1129,26,117.48,4
98,10109,S18_1984,38,137.98,3
99,10109,S18_2870,26,126.72,1
100,10109,S18_3232,46,160.87,5
101,10109,S18_3685,47,125.74,2
102,10109,S24_2972,29,32.1,6
103,10110,S18_1589,37,118.22,16
104,10110,S18_1749,42,153,7
105,10110,S18_2248,32,51.46,6
106,10110,S18_2325,33,115.69,4
107,10110,S18_2795,31,163.69,1
108,10110,S18_4409,28,81.91,8
109,10110,S18_4933,42,62,9
110,10110,S24_1046,36,72.02,13
111,10110,S24_1628,29,43.27,15
112,10110,S24_1937,20,28.88,3
113,10110,S24_2022,39,40.77,2
114,10110,S24_2766,43,82.69,11
115,10110,S24_2887,46,112.74,10
116,10110,S24_3191,27,80.47,12
117,10110,S24_3432,37,96.37,14
118,10110,S24_3969,48,35.29,5
119,10111,S18_1342,33,87.33,6
120,10111,S18_1367,48,48.52,5
121,10111,S18_2957,28,53.09,2
122,10111,S18_3136,43,94.25,1
123,10111,S18_3320,39,91.27,4
124,10111,S24_4258,26,85.7,3
125,10112,S10_1949,29,197.16,1
126,10112,S18_2949,23,85.1,2
127,10113,S12_1666,21,121.64,2
128,10113,S18_1097,49,101.5,4
129,10113,S18_4668,50,43.27,3
130,10113,S32_3522,23,58.82,1
131,10114,S10_4962,31,128.53,8
132,10114,S18_2319,39,106.78,3
133,10114,S18_2432,45,53.48,6
134,10114,S18_3232,48,169.34,4
135,10114,S18_4600,41,105.34,9
136,10114,S24_2300,21,102.23,5
137,10114,S24_2840,24,28.64,1
138,10114,S32_1268,32,88.61,7
139,10114,S32_2509,28,43.83,2
140,10114,S700_2824,42,82.94,10
141,10115,S12_4473,46,111.39,5
142,10115,S18_2238,46,140.81,4
143,10115,S24_1444,47,56.64,2
144,10115,S24_4048,44,106.45,1
145,10115,S50_1392,27,100.7,3
146,10116,S32_3207,27,60.28,1
147,10117,S12_1108,33,195.33,9
148,10117,S12_3148,43,148.06,10
149,10117,S12_3891,39,173.02,8
150,10117,S18_3140,26,121.57,5
151,10117,S18_3259,21,81.68,7
152,10117,S18_4027,22,122.08,12
153,10117,S18_4522,23,73.73,4
154,10117,S24_2011,41,119.2,3
155,10117,S50_1514,21,55.65,11
156,10117,S700_1938,38,75.35,6
157,10117,S700_3962,45,89.38,1
158,10117,S72_3212,50,52.42,2
159,10118,S700_3505,36,86.15,1
160,10119,S10_4757,46,112.88,11
161,10119,S18_1662,43,151.38,3
162,10119,S18_3029,21,74.84,9
163,10119,S18_3856,27,95.28,8
164,10119,S24_2841,41,64.4,4
165,10119,S24_3151,35,72.58,13
166,10119,S24_3420,20,63.12,5
167,10119,S24_3816,35,82.18,10
168,10119,S24_3949,28,62.1,2
169,10119,S700_1138,25,57.34,14
170,10119,S700_2047,29,74.23,7
171,10119,S700_2610,38,67.22,12
172,10119,S700_4002,26,63.67,1
173,10119,S72_1253,28,40.22,6
174,10120,S10_2016,29,118.94,3
175,10120,S10_4698,46,158.8,2
176,10120,S18_2581,29,82.79,8
177,10120,S18_2625,46,57.54,4
178,10120,S24_1578,35,110.45,1
179,10120,S24_1785,39,93.01,10
180,10120,S24_2000,34,72.36,5
181,10120,S24_4278,29,71.73,9
182,10120,S32_1374,22,94.9,6
183,10120,S32_4289,29,68.79,11
184,10120,S50_1341,49,41.46,12
185,10120,S700_1691,47,91.34,13
186,10120,S700_2466,24,81.77,15
187,10120,S700_2834,24,106.79,7
188,10120,S700_3167,43,72,14
189,10121,S10_1678,34,86.13,5
190,10121,S12_2823,50,126.52,4
191,10121,S24_2360,32,58.18,2
192,10121,S32_4485,25,95.93,3
193,10121,S50_4713,44,72.41,1
194,10122,S12_1099,42,155.66,10
195,10122,S12_3380,37,113.92,8
196,10122,S12_3990,32,65.44,11
197,10122,S12_4675,20,104.8,7
198,10122,S18_1129,34,114.65,2
199,10122,S18_1889,43,62.37,6
200,10122,S18_1984,31,113.8,1
201,10122,S18_3232,25,137.17,3
202,10122,S18_3278,21,69.15,13
203,10122,S18_3482,21,133.76,12
204,10122,S18_3782,35,59.06,16
205,10122,S18_4721,28,145.82,15
206,10122,S24_2972,39,34.74,4
207,10122,S24_3371,34,50.82,9
208,10122,S24_3856,43,136.22,5
209,10122,S24_4620,29,67.1,14
210,10122,S32_2206,31,33.79,17
211,10123,S18_1589,26,120.71,2
212,10123,S18_2870,46,114.84,3
213,10123,S18_3685,34,117.26,4
214,10123,S24_1628,50,43.27,1
215,10124,S18_1749,21,153,6
216,10124,S18_2248,42,58.12,5
217,10124,S18_2325,42,111.87,3
218,10124,S18_4409,36,75.46,7
219,10124,S18_4933,23,66.28,8
220,10124,S24_1046,22,62.47,12
221,10124,S24_1937,45,30.53,2
222,10124,S24_2022,22,36.29,1
223,10124,S24_2766,32,74.51,10
224,10124,S24_2887,25,93.95,9
225,10124,S24_3191,49,76.19,11
226,10124,S24_3432,43,101.73,13
227,10124,S24_3969,46,36.11,4
228,10125,S18_1342,32,89.38,1
229,10125,S18_2795,34,138.38,2
230,10126,S10_1949,38,205.73,11
231,10126,S10_4962,22,122.62,4
232,10126,S12_1666,21,135.3,8
233,10126,S18_1097,38,116.67,10
234,10126,S18_1367,42,51.21,17
235,10126,S18_2432,43,51.05,2
236,10126,S18_2949,31,93.21,12
237,10126,S18_2957,46,61.84,14
238,10126,S18_3136,30,93.2,13
239,10126,S18_3320,38,94.25,16
240,10126,S18_4600,50,102.92,5
241,10126,S18_4668,43,47.29,9
242,10126,S24_2300,27,122.68,1
243,10126,S24_4258,34,83.76,15
244,10126,S32_1268,43,82.83,3
245,10126,S32_3522,26,62.05,7
246,10126,S700_2824,45,97.1,6
247,10127,S12_1108,46,193.25,2
248,10127,S12_3148,46,140.5,3
249,10127,S12_3891,42,169.56,1
250,10127,S12_4473,24,100.73,11
251,10127,S18_2238,45,140.81,10
252,10127,S18_2319,45,114.14,14
253,10127,S18_3232,22,149.02,15
254,10127,S18_4027,25,126.39,5
255,10127,S24_1444,20,50.86,8
256,10127,S24_2840,39,34.3,12
257,10127,S24_4048,20,107.63,7
258,10127,S32_2509,45,46.53,13
259,10127,S32_3207,29,60.9,6
260,10127,S50_1392,46,111.12,9
261,10127,S50_1514,46,55.65,4
262,10128,S18_3140,41,120.2,2
263,10128,S18_3259,41,80.67,4
264,10128,S18_4522,43,77.24,1
265,10128,S700_1938,32,72.75,3
266,10129,S10_4757,33,123.76,2
267,10129,S24_2011,45,113.06,9
268,10129,S24_3151,41,81.43,4
269,10129,S24_3816,50,76.31,1
270,10129,S700_1138,31,58.67,5
271,10129,S700_2610,45,72.28,3
272,10129,S700_3505,42,90.15,6
273,10129,S700_3962,30,94.34,7
274,10129,S72_3212,32,44.23,8
275,10130,S18_3029,40,68.82,2
276,10130,S18_3856,33,99.52,1
277,10131,S18_1662,21,141.92,4
278,10131,S24_2841,35,60.97,5
279,10131,S24_3420,29,52.6,6
280,10131,S24_3949,50,54.59,3
281,10131,S700_2047,22,76.94,8
282,10131,S700_2466,40,86.76,1
283,10131,S700_4002,26,63.67,2
284,10131,S72_1253,21,40.22,7
285,10132,S700_3167,36,80,1
286,10133,S18_2581,49,80.26,3
287,10133,S24_1785,41,109.42,5
288,10133,S24_4278,46,61.58,4
289,10133,S32_1374,23,80.91,1
290,10133,S32_4289,49,67.41,6
291,10133,S50_1341,27,37.09,7
292,10133,S700_1691,24,76.73,8
293,10133,S700_2834,27,115.09,2
294,10134,S10_1678,41,90.92,2
295,10134,S10_2016,27,116.56,5
296,10134,S10_4698,31,187.85,4
297,10134,S12_2823,20,131.04,1
298,10134,S18_2625,30,51.48,6
299,10134,S24_1578,35,94.67,3
300,10134,S24_2000,43,75.41,7
301,10135,S12_1099,42,173.17,7
302,10135,S12_3380,48,110.39,5
303,10135,S12_3990,24,72.62,8
304,10135,S12_4675,29,103.64,4
305,10135,S18_1889,48,66.99,3
306,10135,S18_3278,45,65.94,10
307,10135,S18_3482,42,139.64,9
308,10135,S18_3782,45,49.74,13
309,10135,S18_4721,31,133.92,12
310,10135,S24_2360,29,67.18,16
311,10135,S24_2972,20,34.36,1
312,10135,S24_3371,27,52.05,6
313,10135,S24_3856,47,139.03,2
314,10135,S24_4620,23,76.8,11
315,10135,S32_2206,33,38.62,14
316,10135,S32_4485,30,91.85,17
317,10135,S50_4713,44,78.92,15
318,10136,S18_1129,25,117.48,2
319,10136,S18_1984,36,120.91,1
320,10136,S18_3232,41,169.34,3
321,10137,S18_1589,44,115.73,2
322,10137,S18_2870,37,110.88,3
323,10137,S18_3685,31,118.68,4
324,10137,S24_1628,26,40.25,1
325,10138,S18_1749,33,149.6,6
326,10138,S18_2248,22,51.46,5
327,10138,S18_2325,38,114.42,3
328,10138,S18_4409,47,79.15,7
329,10138,S18_4933,23,64.86,8
330,10138,S24_1046,45,59.53,12
331,10138,S24_1937,22,33.19,2
332,10138,S24_2022,33,38.53,1
333,10138,S24_2766,28,73.6,10
334,10138,S24_2887,30,96.3,9
335,10138,S24_3191,49,77.05,11
336,10138,S24_3432,21,99.58,13
337,10138,S24_3969,29,32.82,4
338,10139,S18_1342,31,89.38,7
339,10139,S18_1367,49,52.83,6
340,10139,S18_2795,41,151.88,8
341,10139,S18_2949,46,91.18,1
342,10139,S18_2957,20,52.47,3
343,10139,S18_3136,20,101.58,2
344,10139,S18_3320,30,81.35,5
345,10139,S24_4258,29,93.49,4
346,10140,S10_1949,37,186.44,11
347,10140,S10_4962,26,131.49,4
348,10140,S12_1666,38,118.9,8
349,10140,S18_1097,32,95.67,10
350,10140,S18_2432,46,51.05,2
351,10140,S18_4600,40,100.5,5
352,10140,S18_4668,29,40.25,9
353,10140,S24_2300,47,118.84,1
354,10140,S32_1268,26,87.64,3
355,10140,S32_3522,28,62.05,7
356,10140,S700_2824,36,101.15,6
357,10141,S12_4473,21,114.95,5
358,10141,S18_2238,39,160.46,4
359,10141,S18_2319,47,103.09,8
360,10141,S18_3232,34,143.94,9
361,10141,S24_1444,20,50.86,2
362,10141,S24_2840,21,32.18,6
363,10141,S24_4048,40,104.09,1
364,10141,S32_2509,24,53.03,7
365,10141,S50_1392,44,94.92,3
366,10142,S12_1108,33,166.24,12
367,10142,S12_3148,33,140.5,13
368,10142,S12_3891,46,167.83,11
369,10142,S18_3140,47,129.76,8
370,10142,S18_3259,22,95.8,10
371,10142,S18_4027,24,122.08,15
372,10142,S18_4522,24,79.87,7
373,10142,S24_2011,33,114.29,6
374,10142,S24_3151,49,74.35,1
375,10142,S32_3207,42,60.9,16
376,10142,S50_1514,42,56.24,14
377,10142,S700_1138,41,55.34,2
378,10142,S700_1938,43,77.08,9
379,10142,S700_3505,21,92.16,3
380,10142,S700_3962,38,91.37,4
381,10142,S72_3212,39,46.96,5
382,10143,S10_4757,49,133.28,15
383,10143,S18_1662,32,126.15,7
384,10143,S18_3029,46,70.54,13
385,10143,S18_3856,34,99.52,12
386,10143,S24_2841,27,63.71,8
387,10143,S24_3420,33,59.83,9
388,10143,S24_3816,23,74.64,14
389,10143,S24_3949,28,55.96,6
390,10143,S50_1341,34,34.91,1
391,10143,S700_1691,36,86.77,2
392,10143,S700_2047,26,87.8,11
393,10143,S700_2466,26,79.78,4
394,10143,S700_2610,31,69.39,16
395,10143,S700_3167,28,70.4,3
396,10143,S700_4002,34,65.15,5
397,10143,S72_1253,37,49.66,10
398,10144,S32_4289,20,56.41,1
399,10145,S10_1678,45,76.56,6
400,10145,S10_2016,37,104.67,9
401,10145,S10_4698,33,154.93,8
402,10145,S12_2823,49,146.1,5
403,10145,S18_2581,30,71.81,14
404,10145,S18_2625,30,52.7,10
405,10145,S24_1578,43,103.68,7
406,10145,S24_1785,40,87.54,16
407,10145,S24_2000,47,63.98,11
408,10145,S24_2360,27,56.1,3
409,10145,S24_4278,33,71.73,15
410,10145,S32_1374,33,99.89,12
411,10145,S32_2206,31,39.43,1
412,10145,S32_4485,27,95.93,4
413,10145,S50_4713,38,73.22,2
414,10145,S700_2834,20,113.9,13
415,10146,S18_3782,47,60.3,2
416,10146,S18_4721,29,130.94,1
417,10147,S12_1099,48,161.49,7
418,10147,S12_3380,31,110.39,5
419,10147,S12_3990,21,74.21,8
420,10147,S12_4675,33,97.89,4
421,10147,S18_1889,26,70.84,3
422,10147,S18_3278,36,74.78,10
423,10147,S18_3482,37,129.35,9
424,10147,S24_2972,25,33.23,1
425,10147,S24_3371,30,48.98,6
426,10147,S24_3856,23,123.58,2
427,10147,S24_4620,31,72.76,11
428,10148,S18_1129,23,114.65,13
429,10148,S18_1589,47,108.26,9
430,10148,S18_1984,25,136.56,12
431,10148,S18_2870,27,113.52,10
432,10148,S18_3232,32,143.94,14
433,10148,S18_3685,28,135.63,11
434,10148,S18_4409,34,83.75,1
435,10148,S18_4933,29,66.28,2
436,10148,S24_1046,25,65.41,6
437,10148,S24_1628,47,46.29,8
438,10148,S24_2766,21,77.24,4
439,10148,S24_2887,34,115.09,3
440,10148,S24_3191,31,71.91,5
441,10148,S24_3432,27,96.37,7
442,10149,S18_1342,50,87.33,4
443,10149,S18_1367,30,48.52,3
444,10149,S18_1749,34,156.4,11
445,10149,S18_2248,24,50.85,10
446,10149,S18_2325,33,125.86,8
447,10149,S18_2795,23,167.06,5
448,10149,S18_3320,42,89.29,2
449,10149,S24_1937,36,31.2,7
450,10149,S24_2022,49,39.87,6
451,10149,S24_3969,26,38.57,9
452,10149,S24_4258,20,90.57,1
453,10150,S10_1949,45,182.16,8
454,10150,S10_4962,20,121.15,1
455,10150,S12_1666,30,135.3,5
456,10150,S18_1097,34,95.67,7
457,10150,S18_2949,47,93.21,9
458,10150,S18_2957,30,56.21,11
459,10150,S18_3136,26,97.39,10
460,10150,S18_4600,49,111.39,2
461,10150,S18_4668,30,47.29,6
462,10150,S32_3522,49,62.05,4
463,10150,S700_2824,20,95.08,3
464,10151,S12_4473,24,114.95,3
465,10151,S18_2238,43,152.27,2
466,10151,S18_2319,49,106.78,6
467,10151,S18_2432,39,58.34,9
468,10151,S18_3232,21,167.65,7
469,10151,S24_2300,42,109.9,8
470,10151,S24_2840,30,29.35,4
471,10151,S32_1268,27,84.75,10
472,10151,S32_2509,41,43.29,5
473,10151,S50_1392,26,108.81,1
474,10152,S18_4027,35,117.77,1
475,10152,S24_1444,25,49.13,4
476,10152,S24_4048,23,112.37,3
477,10152,S32_3207,33,57.17,2
478,10153,S12_1108,20,201.57,11
479,10153,S12_3148,42,128.42,12
480,10153,S12_3891,49,155.72,10
481,10153,S18_3140,31,125.66,7
482,10153,S18_3259,29,82.69,9
483,10153,S18_4522,22,82.5,6
484,10153,S24_2011,40,111.83,5
485,10153,S50_1514,31,53.31,13
486,10153,S700_1138,43,58,1
487,10153,S700_1938,31,80.55,8
488,10153,S700_3505,50,87.15,2
489,10153,S700_3962,20,85.41,3
490,10153,S72_3212,50,51.87,4
491,10154,S24_3151,31,75.23,2
492,10154,S700_2610,36,59.27,1
493,10155,S10_4757,32,129.2,13
494,10155,S18_1662,38,138.77,5
495,10155,S18_3029,44,83.44,11
496,10155,S18_3856,29,105.87,10
497,10155,S24_2841,23,62.34,6
498,10155,S24_3420,34,56.55,7
499,10155,S24_3816,37,76.31,12
500,10155,S24_3949,44,58.69,4
501,10155,S700_2047,32,89.61,9
502,10155,S700_2466,20,87.75,2
503,10155,S700_3167,43,76.8,1
504,10155,S700_4002,44,70.33,3
505,10155,S72_1253,34,49.16,8
506,10156,S50_1341,20,43.64,1
507,10156,S700_1691,48,77.64,2
508,10157,S18_2581,33,69.27,3
509,10157,S24_1785,40,89.72,5
510,10157,S24_4278,33,66.65,4
511,10157,S32_1374,34,83.91,1
512,10157,S32_4289,28,56.41,6
513,10157,S700_2834,48,109.16,2
514,10158,S24_2000,22,67.79,1
515,10159,S10_1678,49,81.35,14
516,10159,S10_2016,37,101.1,17
517,10159,S10_4698,22,170.42,16
518,10159,S12_1099,41,188.73,2
519,10159,S12_2823,38,131.04,13
520,10159,S12_3990,24,67.03,3
521,10159,S18_2625,42,51.48,18
522,10159,S18_3278,21,66.74,5
523,10159,S18_3482,25,129.35,4
524,10159,S18_3782,21,54.71,8
525,10159,S18_4721,32,142.85,7
526,10159,S24_1578,44,100.3,15
527,10159,S24_2360,27,67.18,11
528,10159,S24_3371,50,49.6,1
529,10159,S24_4620,23,80.84,6
530,10159,S32_2206,35,39.43,9
531,10159,S32_4485,23,86.74,12
532,10159,S50_4713,31,78.11,10
533,10160,S12_3380,46,96.3,6
534,10160,S12_4675,50,93.28,5
535,10160,S18_1889,38,70.84,4
536,10160,S18_3232,20,140.55,1
537,10160,S24_2972,42,30.59,2
538,10160,S24_3856,35,130.6,3
539,10161,S18_1129,28,121.72,12
540,10161,S18_1589,43,102.04,8
541,10161,S18_1984,48,139.41,11
542,10161,S18_2870,23,125.4,9
543,10161,S18_3685,36,132.8,10
544,10161,S18_4933,25,62.72,1
545,10161,S24_1046,37,73.49,5
546,10161,S24_1628,23,47.29,7
547,10161,S24_2766,20,82.69,3
548,10161,S24_2887,25,108.04,2
549,10161,S24_3191,20,72.77,4
550,10161,S24_3432,30,94.23,6
551,10162,S18_1342,48,87.33,2
552,10162,S18_1367,45,45.28,1
553,10162,S18_1749,29,141.1,9
554,10162,S18_2248,27,53.28,8
555,10162,S18_2325,38,113.15,6
556,10162,S18_2795,48,156.94,3
557,10162,S18_4409,39,86.51,10
558,10162,S24_1937,37,27.55,5
559,10162,S24_2022,43,38.98,4
560,10162,S24_3969,37,32.82,7
561,10163,S10_1949,21,212.16,1
562,10163,S18_2949,31,101.31,2
563,10163,S18_2957,48,59.96,4
564,10163,S18_3136,40,101.58,3
565,10163,S18_3320,43,80.36,6
566,10163,S24_4258,42,96.42,5
567,10164,S10_4962,21,143.31,2
568,10164,S12_1666,49,121.64,6
569,10164,S18_1097,36,103.84,8
570,10164,S18_4600,45,107.76,3
571,10164,S18_4668,25,46.29,7
572,10164,S32_1268,24,91.49,1
573,10164,S32_3522,49,57.53,5
574,10164,S700_2824,39,86.99,4
575,10165,S12_1108,44,168.32,3
576,10165,S12_3148,34,123.89,4
577,10165,S12_3891,27,152.26,2
578,10165,S12_4473,48,109.02,12
579,10165,S18_2238,29,134.26,11
580,10165,S18_2319,46,120.28,15
581,10165,S18_2432,31,60.77,18
582,10165,S18_3232,47,154.1,16
583,10165,S18_3259,50,84.71,1
584,10165,S18_4027,28,123.51,6
585,10165,S24_1444,25,46.82,9
586,10165,S24_2300,32,117.57,17
587,10165,S24_2840,27,31.12,13
588,10165,S24_4048,24,106.45,8
589,10165,S32_2509,48,50.86,14
590,10165,S32_3207,44,55.3,7
591,10165,S50_1392,48,106.49,10
592,10165,S50_1514,38,49.21,5
593,10166,S18_3140,43,136.59,2
594,10166,S18_4522,26,72.85,1
595,10166,S700_1938,29,76.22,3
596,10167,S10_4757,44,123.76,9
597,10167,S18_1662,43,141.92,1
598,10167,S18_3029,46,69.68,7
599,10167,S18_3856,34,84.7,6
600,10167,S24_2011,33,110.6,16
601,10167,S24_2841,21,54.81,2
602,10167,S24_3151,20,77,11
603,10167,S24_3420,32,64.44,3
604,10167,S24_3816,29,73.8,8
605,10167,S700_1138,43,66,12
606,10167,S700_2047,29,87.8,5
607,10167,S700_2610,46,62.16,10
608,10167,S700_3505,24,85.14,13
609,10167,S700_3962,28,83.42,14
610,10167,S72_1253,40,42.71,4
611,10167,S72_3212,38,43.68,15
612,10168,S10_1678,36,94.74,1
613,10168,S10_2016,27,97.53,4
614,10168,S10_4698,20,160.74,3
615,10168,S18_2581,21,75.19,9
616,10168,S18_2625,46,49.06,5
617,10168,S24_1578,50,103.68,2
618,10168,S24_1785,49,93.01,11
619,10168,S24_2000,29,72.36,6
620,10168,S24_3949,27,57.32,18
621,10168,S24_4278,48,68.1,10
622,10168,S32_1374,28,89.9,7
623,10168,S32_4289,31,57.78,12
624,10168,S50_1341,48,39.71,13
625,10168,S700_1691,28,91.34,14
626,10168,S700_2466,31,87.75,16
627,10168,S700_2834,36,94.92,8
628,10168,S700_3167,48,72,15
629,10168,S700_4002,39,67.37,17
630,10169,S12_1099,30,163.44,2
631,10169,S12_2823,35,126.52,13
632,10169,S12_3990,36,71.82,3
633,10169,S18_3278,32,65.13,5
634,10169,S18_3482,36,136.7,4
635,10169,S18_3782,38,52.84,8
636,10169,S18_4721,33,120.53,7
637,10169,S24_2360,38,66.49,11
638,10169,S24_3371,34,53.27,1
639,10169,S24_4620,24,77.61,6
640,10169,S32_2206,26,37.01,9
641,10169,S32_4485,34,83.68,12
642,10169,S50_4713,48,75.66,10
643,10170,S12_3380,47,116.27,4
644,10170,S12_4675,41,93.28,3
645,10170,S18_1889,20,70.07,2
646,10170,S24_3856,34,130.6,1
647,10171,S18_1129,35,134.46,2
648,10171,S18_1984,35,128.03,1
649,10171,S18_3232,39,165.95,3
650,10171,S24_2972,36,34.74,4
651,10172,S18_1589,42,109.51,6
652,10172,S18_2870,39,117.48,7
653,10172,S18_3685,48,139.87,8
654,10172,S24_1046,32,61,3
655,10172,S24_1628,34,43.27,5
656,10172,S24_2766,22,79.97,1
657,10172,S24_3191,24,77.91,2
658,10172,S24_3432,22,87.81,4
659,10173,S18_1342,43,101.71,6
660,10173,S18_1367,48,51.75,5
661,10173,S18_1749,24,168.3,13
662,10173,S18_2248,26,55.09,12
663,10173,S18_2325,31,127.13,10
664,10173,S18_2795,22,140.06,7
665,10173,S18_2957,28,56.84,2
666,10173,S18_3136,31,86.92,1
667,10173,S18_3320,29,90.28,4
668,10173,S18_4409,21,77.31,14
669,10173,S18_4933,39,58.44,15
670,10173,S24_1937,31,29.87,9
671,10173,S24_2022,27,39.42,8
672,10173,S24_2887,23,98.65,16
673,10173,S24_3969,35,35.7,11
674,10173,S24_4258,22,93.49,3
675,10174,S10_1949,34,207.87,4
676,10174,S12_1666,43,113.44,1
677,10174,S18_1097,48,108.5,3
678,10174,S18_2949,46,100.3,5
679,10174,S18_4668,49,44.27,2
680,10175,S10_4962,33,119.67,9
681,10175,S12_4473,26,109.02,1
682,10175,S18_2319,48,101.87,4
683,10175,S18_2432,41,59.55,7
684,10175,S18_3232,29,150.71,5
685,10175,S18_4600,47,102.92,10
686,10175,S24_2300,28,121.4,6
687,10175,S24_2840,37,32.18,2
688,10175,S32_1268,22,89.57,8
689,10175,S32_2509,50,50.86,3
690,10175,S32_3522,29,56.24,12
691,10175,S700_2824,42,80.92,11
692,10176,S12_1108,33,166.24,2
693,10176,S12_3148,47,145.04,3
694,10176,S12_3891,50,160.91,1
695,10176,S18_2238,20,139.17,10
696,10176,S18_4027,36,140.75,5
697,10176,S24_1444,27,55.49,8
698,10176,S24_4048,29,101.72,7
699,10176,S32_3207,22,62.14,6
700,10176,S50_1392,23,109.96,9
701,10176,S50_1514,38,52.14,4
702,10177,S18_3140,23,113.37,9
703,10177,S18_3259,29,92.77,11
704,10177,S18_4522,35,82.5,8
705,10177,S24_2011,50,115.52,7
706,10177,S24_3151,45,79.66,2
707,10177,S700_1138,24,58.67,3
708,10177,S700_1938,31,77.95,10
709,10177,S700_2610,32,64.33,1
710,10177,S700_3505,44,88.15,4
711,10177,S700_3962,24,83.42,5
712,10177,S72_3212,40,52.96,6
713,10178,S10_4757,24,131.92,12
714,10178,S18_1662,42,127.73,4
715,10178,S18_3029,41,70.54,10
716,10178,S18_3856,48,104.81,9
717,10178,S24_2841,34,67.82,5
718,10178,S24_3420,27,65.75,6
719,10178,S24_3816,21,68.77,11
720,10178,S24_3949,30,64.15,3
721,10178,S700_2047,34,86.9,8
722,10178,S700_2466,22,91.74,1
723,10178,S700_4002,45,68.11,2
724,10178,S72_1253,45,41.71,7
725,10179,S18_2581,24,82.79,3
726,10179,S24_1785,47,105.04,5
727,10179,S24_4278,27,66.65,4
728,10179,S32_1374,45,86.9,1
729,10179,S32_4289,24,63.97,6
730,10179,S50_1341,34,43.2,7
731,10179,S700_1691,23,75.81,8
732,10179,S700_2834,25,98.48,2
733,10179,S700_3167,39,80,9
734,10180,S10_1678,29,76.56,9
735,10180,S10_2016,42,99.91,12
736,10180,S10_4698,41,164.61,11
737,10180,S12_2823,40,131.04,8
738,10180,S18_2625,25,48.46,13
739,10180,S18_3782,21,59.06,3
740,10180,S18_4721,44,147.31,2
741,10180,S24_1578,48,98.05,10
742,10180,S24_2000,28,61.7,14
743,10180,S24_2360,35,60.95,6
744,10180,S24_4620,28,68.71,1
745,10180,S32_2206,34,33.39,4
746,10180,S32_4485,22,102.05,7
747,10180,S50_4713,21,74.85,5
748,10181,S12_1099,27,155.66,14
749,10181,S12_3380,28,113.92,12
750,10181,S12_3990,20,67.03,15
751,10181,S12_4675,36,107.1,11
752,10181,S18_1129,44,124.56,6
753,10181,S18_1589,42,124.44,2
754,10181,S18_1889,22,74.69,10
755,10181,S18_1984,21,129.45,5
756,10181,S18_2870,27,130.68,3
757,10181,S18_3232,45,147.33,7
758,10181,S18_3278,30,73.17,17
759,10181,S18_3482,22,120.53,16
760,10181,S18_3685,39,137.04,4
761,10181,S24_1628,34,45.28,1
762,10181,S24_2972,37,32.85,8
763,10181,S24_3371,23,54.49,13
764,10181,S24_3856,25,122.17,9
765,10182,S18_1342,25,83.22,3
766,10182,S18_1367,32,44.21,2
767,10182,S18_1749,44,159.8,10
768,10182,S18_2248,38,54.49,9
769,10182,S18_2325,20,105.52,7
770,10182,S18_2795,21,135,4
771,10182,S18_3320,33,86.31,1
772,10182,S18_4409,36,88.35,11
773,10182,S18_4933,44,61.29,12
774,10182,S24_1046,47,63.2,16
775,10182,S24_1937,39,31.86,6
776,10182,S24_2022,31,39.87,5
777,10182,S24_2766,36,87.24,14
778,10182,S24_2887,20,116.27,13
779,10182,S24_3191,33,73.62,15
780,10182,S24_3432,49,95.3,17
781,10182,S24_3969,23,34.88,8
782,10183,S10_1949,23,180.01,8
783,10183,S10_4962,28,127.06,1
784,10183,S12_1666,41,114.8,5
785,10183,S18_1097,21,108.5,7
786,10183,S18_2949,37,91.18,9
787,10183,S18_2957,39,51.22,11
788,10183,S18_3136,22,90.06,10
789,10183,S18_4600,21,118.66,2
790,10183,S18_4668,40,42.26,6
791,10183,S24_4258,47,81.81,12
792,10183,S32_3522,49,52.36,4
793,10183,S700_2824,23,85.98,3
794,10184,S12_4473,37,105.47,6
795,10184,S18_2238,46,145.72,5
796,10184,S18_2319,46,119.05,9
797,10184,S18_2432,44,60.77,12
798,10184,S18_3232,28,165.95,10
799,10184,S24_1444,31,57.22,3
800,10184,S24_2300,24,117.57,11
801,10184,S24_2840,42,30.06,7
802,10184,S24_4048,49,114.73,2
803,10184,S32_1268,46,84.75,13
804,10184,S32_2509,33,52.49,8
805,10184,S32_3207,48,59.03,1
806,10184,S50_1392,45,92.6,4
807,10185,S12_1108,21,195.33,13
808,10185,S12_3148,33,146.55,14
809,10185,S12_3891,43,147.07,12
810,10185,S18_3140,28,124.3,9
811,10185,S18_3259,49,94.79,11
812,10185,S18_4027,39,127.82,16
813,10185,S18_4522,47,87.77,8
814,10185,S24_2011,30,105.69,7
815,10185,S24_3151,33,83.2,2
816,10185,S50_1514,20,46.86,15
817,10185,S700_1138,21,64.67,3
818,10185,S700_1938,30,79.68,10
819,10185,S700_2610,39,61.44,1
820,10185,S700_3505,37,99.17,4
821,10185,S700_3962,22,93.35,5
822,10185,S72_3212,28,47.5,6
823,10186,S10_4757,26,108.8,9
824,10186,S18_1662,32,137.19,1
825,10186,S18_3029,32,73.12,7
826,10186,S18_3856,46,98.46,6
827,10186,S24_2841,22,60.29,2
828,10186,S24_3420,21,59.83,3
829,10186,S24_3816,36,68.77,8
830,10186,S700_2047,24,80.56,5
831,10186,S72_1253,28,42.71,4
832,10187,S18_2581,45,70.12,1
833,10187,S24_1785,46,96.29,3
834,10187,S24_3949,43,55.96,10
835,10187,S24_4278,33,64.48,2
836,10187,S32_4289,31,61.22,4
837,10187,S50_1341,41,39.71,5
838,10187,S700_1691,34,84.95,6
839,10187,S700_2466,44,95.73,8
840,10187,S700_3167,34,72,7
841,10187,S700_4002,44,70.33,9
842,10188,S10_1678,48,95.7,1
843,10188,S10_2016,38,111.8,4
844,10188,S10_4698,45,182.04,3
845,10188,S18_2625,32,52.09,5
846,10188,S24_1578,25,95.8,2
847,10188,S24_2000,40,61.7,6
848,10188,S32_1374,44,81.91,7
849,10188,S700_2834,29,96.11,8
850,10189,S12_2823,28,138.57,1
851,10190,S24_2360,42,58.87,3
852,10190,S32_2206,46,38.62,1
853,10190,S32_4485,42,89.8,4
854,10190,S50_4713,40,67.53,2
855,10191,S12_1099,21,155.66,3
856,10191,S12_3380,40,104.52,1
857,10191,S12_3990,30,70.22,4
858,10191,S18_3278,36,75.59,6
859,10191,S18_3482,23,119.06,5
860,10191,S18_3782,43,60.93,9
861,10191,S18_4721,32,136.9,8
862,10191,S24_3371,48,53.27,2
863,10191,S24_4620,44,77.61,7
864,10192,S12_4675,27,99.04,16
865,10192,S18_1129,22,140.12,11
866,10192,S18_1589,29,100.8,7
867,10192,S18_1889,45,70.84,15
868,10192,S18_1984,47,128.03,10
869,10192,S18_2870,38,110.88,8
870,10192,S18_3232,26,137.17,12
871,10192,S18_3685,45,125.74,9
872,10192,S24_1046,37,72.02,4
873,10192,S24_1628,47,49.3,6
874,10192,S24_2766,46,86.33,2
875,10192,S24_2887,23,112.74,1
876,10192,S24_2972,30,33.23,13
877,10192,S24_3191,32,69.34,3
878,10192,S24_3432,46,93.16,5
879,10192,S24_3856,45,112.34,14
880,10193,S18_1342,28,92.47,7
881,10193,S18_1367,46,46.36,6
882,10193,S18_1749,21,153,14
883,10193,S18_2248,42,60.54,13
884,10193,S18_2325,44,115.69,11
885,10193,S18_2795,22,143.44,8
886,10193,S18_2949,28,87.13,1
887,10193,S18_2957,24,53.09,3
888,10193,S18_3136,23,97.39,2
889,10193,S18_3320,32,79.37,5
890,10193,S18_4409,24,92.03,15
891,10193,S18_4933,25,66.28,16
892,10193,S24_1937,26,32.19,10
893,10193,S24_2022,20,44.8,9
894,10193,S24_3969,22,38.16,12
895,10193,S24_4258,20,92.52,4
896,10194,S10_1949,42,203.59,11
897,10194,S10_4962,26,134.44,4
898,10194,S12_1666,38,124.37,8
899,10194,S18_1097,21,103.84,10
900,10194,S18_2432,45,51.05,2
901,10194,S18_4600,32,113.82,5
902,10194,S18_4668,41,47.79,9
903,10194,S24_2300,49,112.46,1
904,10194,S32_1268,37,77.05,3
905,10194,S32_3522,39,61.41,7
906,10194,S700_2824,26,80.92,6
907,10195,S12_4473,49,118.5,6
908,10195,S18_2238,27,139.17,5
909,10195,S18_2319,35,112.91,9
910,10195,S18_3232,50,150.71,10
911,10195,S24_1444,44,54.33,3
912,10195,S24_2840,32,31.82,7
913,10195,S24_4048,34,95.81,2
914,10195,S32_2509,32,51.95,8
915,10195,S32_3207,33,59.03,1
916,10195,S50_1392,49,97.23,4
917,10196,S12_1108,47,203.64,5
918,10196,S12_3148,24,151.08,6
919,10196,S12_3891,38,147.07,4
920,10196,S18_3140,49,127.03,1
921,10196,S18_3259,35,81.68,3
922,10196,S18_4027,27,126.39,8
923,10196,S50_1514,46,56.82,7
924,10196,S700_1938,50,84.88,2
925,10197,S10_4757,45,118.32,6
926,10197,S18_3029,46,83.44,4
927,10197,S18_3856,22,85.75,3
928,10197,S18_4522,50,78.99,14
929,10197,S24_2011,41,109.37,13
930,10197,S24_3151,47,83.2,8
931,10197,S24_3816,22,67.93,5
932,10197,S700_1138,23,60,9
933,10197,S700_2047,24,78.75,2
934,10197,S700_2610,50,66.5,7
935,10197,S700_3505,27,100.17,10
936,10197,S700_3962,35,88.39,11
937,10197,S72_1253,29,39.73,1
938,10197,S72_3212,42,48.59,12
939,10198,S18_1662,42,149.81,4
940,10198,S24_2841,48,60.97,5
941,10198,S24_3420,27,61.81,6
942,10198,S24_3949,43,65.51,3
943,10198,S700_2466,42,94.73,1
944,10198,S700_4002,40,74.03,2
945,10199,S50_1341,29,37.97,1
946,10199,S700_1691,48,81.29,2
947,10199,S700_3167,38,70.4,3
948,10200,S18_2581,28,74.34,3
949,10200,S24_1785,33,99.57,5
950,10200,S24_4278,39,70.28,4
951,10200,S32_1374,35,80.91,1
952,10200,S32_4289,27,65.35,6
953,10200,S700_2834,39,115.09,2
954,10201,S10_1678,22,82.3,2
955,10201,S10_2016,24,116.56,5
956,10201,S10_4698,49,191.72,4
957,10201,S12_2823,25,126.52,1
958,10201,S18_2625,30,48.46,6
959,10201,S24_1578,39,93.54,3
960,10201,S24_2000,25,66.27,7
961,10202,S18_3782,30,55.33,3
962,10202,S18_4721,43,124.99,2
963,10202,S24_2360,50,56.1,6
964,10202,S24_4620,50,75.18,1
965,10202,S32_2206,27,33.39,4
966,10202,S32_4485,31,81.64,7
967,10202,S50_4713,40,79.73,5
968,10203,S12_1099,20,161.49,8
969,10203,S12_3380,20,111.57,6
970,10203,S12_3990,44,63.84,9
971,10203,S12_4675,47,115.16,5
972,10203,S18_1889,45,73.15,4
973,10203,S18_3232,48,157.49,1
974,10203,S18_3278,33,66.74,11
975,10203,S18_3482,32,127.88,10
976,10203,S24_2972,21,33.23,2
977,10203,S24_3371,34,56.94,7
978,10203,S24_3856,47,140.43,3
979,10204,S18_1129,42,114.65,17
980,10204,S18_1589,40,113.24,13
981,10204,S18_1749,33,153,4
982,10204,S18_1984,38,133.72,16
983,10204,S18_2248,23,59.33,3
984,10204,S18_2325,26,119.5,1
985,10204,S18_2870,27,106.92,14
986,10204,S18_3685,35,132.8,15
987,10204,S18_4409,29,83.75,5
988,10204,S18_4933,45,69.84,6
989,10204,S24_1046,20,69.82,10
990,10204,S24_1628,45,46.79,12
991,10204,S24_2766,47,79.06,8
992,10204,S24_2887,42,112.74,7
993,10204,S24_3191,40,84.75,9
994,10204,S24_3432,48,104.94,11
995,10204,S24_3969,39,34.88,2
996,10205,S18_1342,36,98.63,2
997,10205,S18_1367,48,45.82,1
998,10205,S18_2795,40,138.38,3
999,10205,S24_1937,32,27.88,5
1000,10205,S24_2022,24,36.74,4
